Week,Start Date,End Date,Reddit Posts,Reddit Upvotes,Reddit Traffic,LinkedIn Posts,LinkedIn Impressions,LinkedIn Traffic,Lawyer Emails Sent,Lawyer Replies,Calls Scheduled,Partnerships Signed,Total Traffic,Calculator Completions,Paid Conversions,Revenue (MRR),Notes
1,2026-03-19,2026-03-25,10,,,7,,,20,,,,,,,,$0,Campaign launch week
2,2026-03-26,2026-04-01,15,,,7,,,30,,,,,,,,,"Expand to r/PersonalFinanceCanada, r/tax"
3,2026-04-02,2026-04-08,15,,,7,,,,,,,,,,,,"Follow-ups begin (Day 3/7)"
4,2026-04-09,2026-04-15,10,,,7,,,,,,,,,,,,"Final follow-ups (Day 14)"
5,2026-04-16,2026-04-22,10,,,7,,,,,,,,,,,,"Diversify to r/IWantOut, r/Expat"
6,2026-04-23,2026-04-29,7,,,7,,,,,,,,,,,,"First partnership calls"
7,2026-04-30,2026-05-06,7,,,7,,,,,,,,,,,,"A/B test post formats"
8,2026-05-07,2026-05-13,7,,,7,,,,,,,,,,,,"Convert 3-5 partnerships"
9,2026-05-14,2026-05-20,,,,,7,,,,,,,,,,,,"Results analysis"
10,2026-05-21,2026-05-27,,,,,7,,,,,,,,,,,,"Campaign wrap-up"
TOTAL,2026-03-19,2026-05-27,81,,5000,70,,2000,50,10,10,5,7000,140,20,$1580,"60-day campaign totals"