Time,Upvotes,Comments,Rank,Position,Website_Visits,Trial_Signups,Paying_Customers,Revenue_USD,Response_Time_Avg_Min,Team_Member_On_Duty,Notes
00:30,0,0,,,-,-,0,0,-,Founder,Submitted - awaiting approval
01:00,5,2,,,-,5,0,0,3,Founder,Approved and live
01:30,12,5,,,-,15,0,0,5,Founder,
02:00,18,8,,,-,25,1,0,4,Founder,
02:30,25,12,,,-,40,2,0,6,Founder,
03:00,32,15,,,-,60,3,0,5,Founder,
03:30,40,20,,,-,85,5,0,7,Founder,
04:00,50,25,,,-,110,8,0,6,Founder,Milestone: 50 upvotes
04:30,58,28,,,-,130,10,1,24.50,5,Founder,First paying customer!
05:00,65,32,,,-,155,12,1,24.50,6,Founder,
05:30,72,35,,,-,180,15,1,24.50,7,Founder,
06:00,80,40,,,-,220,20,2,49.00,8,CMO,Morning shift starts
06:30,95,48,,,-,280,28,3,73.50,6,CMO,Email blast sent
07:00,115,60,,,-,350,40,5,122.50,5,CMO,Twitter thread posted
07:30,140,75,,,-,450,55,8,196.00,4,CMO,
08:00,165,90,,,-,580,75,12,294.00,6,CMO,Reddit posts live
08:30,190,105,,,-,720,95,16,392.00,5,CMO,
09:00,220,125,,,-,900,120,22,539.00,7,CMO,Hacker News posted
09:30,250,145,,,-,1100,150,28,686.00,6,CMO,
10:00,280,165,,,-,1350,185,35,857.50,8,CMO,
10:30,310,185,,,-,1600,220,42,1029.00,7,CMO,
11:00,340,205,,,-,1850,260,50,1225.00,6,CMO,
11:30,370,225,,,-,2100,300,58,1421.00,9,CMO,
12:00,400,245,,,-,2400,350,68,1666.00,8,Founder,Afternoon shift
12:30,430,265,,,-,2700,400,78,1911.00,7,Founder,
13:00,460,285,,,-,3000,450,88,2156.00,6,Founder,
13:30,485,305,,,-,3300,500,98,2401.00,7,Founder,
14:00,510,325,,,-,3600,550,108,2646.00,8,Founder,
14:30,535,345,,,-,3900,600,118,2891.00,6,Founder,
15:00,560,365,,,-,4200,650,128,3136.00,9,Founder,
15:30,580,380,,,-,4500,700,138,3381.00,7,Founder,
16:00,600,395,,,-,4800,750,148,3626.00,8,Founder,
16:30,620,410,,,-,5100,800,158,3871.00,7,Founder,
17:00,640,425,,,-,5400,850,168,4116.00,10,Founder,
17:30,660,440,,,-,5700,900,178,4361.00,8,Founder,
18:00,680,455,,,-,6000,950,188,4606.00,9,Team,Evening shift
18:30,700,470,,,-,6300,1000,198,4851.00,7,Team,Last 6 hours push posted
19:00,720,485,,,-,6600,1050,208,5096.00,8,Team,
19:30,735,495,,,-,6900,1100,218,5341.00,9,Team,
20:00,750,505,,,-,7200,1150,228,5586.00,8,Team,
20:30,765,515,,,-,7500,1200,238,5831.00,7,Team,
21:00,780,525,,,-,7800,1250,248,6076.00,10,Team,
21:30,795,535,,,-,8100,1300,258,6321.00,8,Team,
22:00,810,545,,,-,8400,1350,268,6566.00,9,Team,Final push - activate all supporters
22:30,825,555,,,-,8700,1400,278,6811.00,7,Team,
23:00,840,565,,,-,9000,1450,288,7056.00,8,Team,
23:30,855,575,,,-,9300,1500,298,7301.00,9,Team,Screenshot final metrics
23:59,870,585,,,-,9600,1550,308,7546.00,8,Team,FINAL RANKING CAPTURED
