ID,Time (PST),Platform,Community,Members,Title,URL,Status,Upvotes,Comments,Clicks,Posted At,Notes
1,06:00 AM,Reddit,r/PersonalFinanceCanada,700K+,"Built a free calculator for cross-border tax (US → Canada) - saved me $12K on RSU taxes",https://taxbridge.app?utm_source=reddit&utm_medium=post&utm_campaign=ph_launch&utm_content=PersonalFinanceCanada,pending,,,,,""
2,07:30 AM,Hacker News,Show HN,Millions,"Show HN: TaxBridge – Cross-border tax calculator for H-1B → Canada relocations",https://taxbridge.app?utm_source=hackernews&utm_medium=show_hn&utm_campaign=ph_launch,pending,,,,,""
3,09:00 AM,Reddit,r/CanadianInvestor,250K+,"Cross-border tax on US stock? Built a calculator after overpaying $12K",https://taxbridge.app?utm_source=reddit&utm_medium=post&utm_campaign=ph_launch&utm_content=CanadianInvestor,pending,,,,,""
4,10:30 AM,Reddit,r/ImmigrationCanada,150K+,"For H-1B/TN visa holders moving to Canada: Built a free tax calculator for US RSUs",https://taxbridge.app?utm_source=reddit&utm_medium=post&utm_campaign=ph_launch&utm_content=ImmigrationCanada,pending,,,,,""
5,12:00 PM,LinkedIn,Personal Post,1st/2nd connections,"🚀 Launching my side project on Product Hunt today!",https://taxbridge.app?utm_source=linkedin&utm_medium=post&utm_campaign=ph_launch,pending,,,,,""
6,01:30 PM,Twitter,Thread,Followers,"I overpaid $12,000 on my taxes last year. Here's what I learned...",https://taxbridge.app?utm_source=twitter&utm_medium=thread&utm_campaign=ph_launch,pending,,,,,""
7,03:00 PM,Reddit,r/SideProject,200K+,"[Launched] TaxBridge - Built a cross-border tax calculator in 6 weeks, hit $6K MRR",https://taxbridge.app?utm_source=reddit&utm_medium=post&utm_campaign=ph_launch&utm_content=SideProject,pending,,,,,""
8,04:30 PM,Reddit,r/cscareerquestions,2M+,"PSA: If you're moving US → Canada for a tech job, here's a tax trap that cost me $12K",https://taxbridge.app?utm_source=reddit&utm_medium=post&utm_campaign=ph_launch&utm_content=cscareerquestions,pending,,,,,""
9,06:00 PM,Indie Hackers,Share Your Product,Community,"Launched TaxBridge on PH today - $6K MRR in 6 weeks, targeting $1M ARR",https://taxbridge.app?utm_source=indiehackers&utm_medium=post&utm_campaign=ph_launch,pending,,,,,""
10,07:30 PM,Facebook,H-1B Visa Holders,200K+,"📢 For H-1B holders moving to Canada: Tax calculator for US RSUs",https://taxbridge.app?utm_source=facebook&utm_medium=group&utm_campaign=ph_launch&utm_content=H1BVisaHolders,pending,,,,,""
11,07:45 PM,Facebook,H-1B to Canada Immigration,50K+,"📢 For H-1B holders moving to Canada: Tax calculator for US RSUs",https://taxbridge.app?utm_source=facebook&utm_medium=group&utm_campaign=ph_launch&utm_content=H1BtoCanada,pending,,,,,""
12,08:00 PM,Facebook,Tech Workers Immigration,75K+,"📢 For H-1B holders moving to Canada: Tax calculator for US RSUs",https://taxbridge.app?utm_source=facebook&utm_medium=group&utm_campaign=ph_launch&utm_content=TechWorkersImmigration,pending,,,,,""
13,09:00 PM,LinkedIn,Vancouver Tech Community,30K+,"🚀 Launched a cross-border tax calculator today (Product Hunt)",https://taxbridge.app?utm_source=linkedin&utm_medium=group&utm_campaign=ph_launch&utm_content=VancouverTech,pending,,,,,""
14,09:15 PM,LinkedIn,Toronto Tech,25K+,"🚀 Launched a cross-border tax calculator today (Product Hunt)",https://taxbridge.app?utm_source=linkedin&utm_medium=group&utm_campaign=ph_launch&utm_content=TorontoTech,pending,,,,,""
15,08:00 PM,Reddit,r/tax,150K+,"Built a cross-border tax calculator (US-Canada) after overpaying $12K on RSUs",https://taxbridge.app?utm_source=reddit&utm_medium=post&utm_campaign=ph_launch&utm_content=tax,pending,,,,,""